model,target,r2,rmse,mae
XGBoost,eta_pct,0.9998800906448547,0.0014994961968098138,0.00046910446446929975
XGBoost,voc_V,0.9973201953140621,7.552604512949649e-05,4.708765836442935e-05
XGBoost,jsc_mAcm2,0.9998458893030368,0.0016677096702848832,0.0004340833842113222
XGBoost,ff_pct,0.9999422196904475,0.0006845847894270246,0.0004651124324483935
XGBoost,overall,0.9992470987381002,0.0009818291754128045,0.0003538469848733612
RandomForest,eta_pct,0.9999436449486889,0.0010279814069208656,0.0003561058108077443
RandomForest,voc_V,0.9998465031226712,1.8075692519539105e-05,1.1342343734244728e-05
RandomForest,jsc_mAcm2,0.9999304536338656,0.001120317902737751,0.0002701191315724924
RandomForest,ff_pct,0.9999491383039134,0.0006422923251757853,0.0003625042886986927
RandomForest,overall,0.9999174350022848,0.0007021668318384853,0.0002500178937032935
GradientBoosting,eta_pct,0.9999860526538958,0.0005114045927076293,0.00032118334187661697
GradientBoosting,voc_V,0.9998483838510873,1.7964614545713488e-05,1.3309453951349973e-05
GradientBoosting,jsc_mAcm2,0.9998618102176815,0.0015792177660626555,0.0003129348245032972
GradientBoosting,ff_pct,0.9999179037333599,0.0008160166445431925,0.0006263532484903274
GradientBoosting,overall,0.9999035376140062,0.0007311509044647976,0.00031844521720539786
LinearRegression,eta_pct,0.9867636289837918,0.015754451982198,0.012441055140058973
LinearRegression,voc_V,0.9988576828132232,4.9310400304904066e-05,3.930399981307666e-05
LinearRegression,jsc_mAcm2,0.9907676136129647,0.012908061940955928,0.010188635773078008
LinearRegression,ff_pct,0.9868674713069241,0.010320755567785712,0.008272605104649063
LinearRegression,overall,0.990814099179226,0.009758144972811137,0.00773540000439978
Ridge,eta_pct,0.9869791712758765,0.0156256520043862,0.012409516947323724
Ridge,voc_V,0.9987703069642916,5.116153066884752e-05,4.070478035180157e-05
Ridge,jsc_mAcm2,0.9908704723817835,0.012835955658149293,0.01015737245918663
Ridge,ff_pct,0.9873126957897873,0.010144297799060002,0.008270048892503837
Ridge,overall,0.9909831616029348,0.009664266748066086,0.007719410769841497
KNeighbors,eta_pct,0.9970183514528087,0.007477338822325681,0.0017123645864661995
KNeighbors,voc_V,0.9973507460057383,7.50942996937831e-05,2.1545263157891892e-05
KNeighbors,jsc_mAcm2,0.9975546656248323,0.006643136577226907,0.0016671269172929225
KNeighbors,ff_pct,0.9941099196555244,0.006911907584664567,0.0015664994736839727
KNeighbors,overall,0.9965084206847259,0.005276869320977734,0.0012418840601502467
