model,target,r2,rmse,mae,acc
XGBoost,Voc,0.9994791074721585,3.533358182657588e-05,2.458334770733389e-05,1.0
XGBoost,Jsc,0.999998116232084,0.0001955008920644129,0.00011404637262579089,1.0
XGBoost,FF,0.999973767882864,0.00045526984070325013,0.00035480361759183954,1.0
XGBoost,eta,0.999996027277584,0.0002857842618909391,0.00020172362506140973,1.0
XGBoost,overall,0.9999999999178492,0.00028653635589624053,0.00017378924074659352,1.0
RandomForest,Voc,0.9999606681877093,9.709247680967181e-06,6.1768152759203194e-06,1.0
RandomForest,Jsc,0.9999997730626553,6.785596482516271e-05,1.876556537135406e-05,1.0
RandomForest,FF,0.999991642385888,0.00025697647499676866,0.00017828139835501808,1.0
RandomForest,eta,0.9999980791767833,0.00019871831513769796,0.00011774621569151904,1.0
RandomForest,overall,0.9999999999724278,0.00016600043593754084,8.024249867345288e-05,1.0
GradientBoosting,Voc,0.9998900429244056,1.6233986912497633e-05,1.1884916673852009e-05,1.0
GradientBoosting,Jsc,0.9999754533310597,0.0007057182169694426,0.0004950189934984032,1.0
GradientBoosting,FF,0.99991029689959,0.0008418911358420526,0.0005951618867401832,1.0
GradientBoosting,eta,0.999971792794578,0.0007615075767725379,0.000552274015384067,1.0
GradientBoosting,overall,0.9999999995529962,0.0006683891490338933,0.00041358495307412634,1.0
LinearRegression,Voc,0.9990439186998895,4.786973387075441e-05,4.1123556399951875e-05,1.0
LinearRegression,Jsc,0.9924635194440767,0.012365717966488861,0.010566218571596859,1.0
LinearRegression,FF,0.9887606204543679,0.009423741804605095,0.007972947040143483,1.0
LinearRegression,eta,0.9891562621160098,0.014930821509897881,0.012725026389830297,1.0
LinearRegression,overall,0.9999998837700629,0.010777866357708018,0.007826328889492648,1.0
Ridge,Voc,0.9990107461174071,4.869310655047244e-05,4.12821021055513e-05,1.0
Ridge,Jsc,0.9924739111064047,0.012357189801997188,0.010564704979472202,1.0
Ridge,FF,0.9886922106320686,0.009452377660288079,0.007996873258899646,1.0
Ridge,eta,0.9891555801849791,0.014931290980413547,0.012732357013791265,1.0
Ridge,overall,0.999999883684065,0.010781852862515106,0.007833804338567165,1.0
KNN,Voc,0.9999593533363484,9.870202274375987e-06,6.847853989809708e-06,1.0
KNN,Jsc,0.9999761537054923,0.0006955774548771507,0.0003973941256367602,1.0
KNN,FF,0.9999176858852167,0.0008064721344082025,0.0005013137181664358,1.0
KNN,eta,0.9999788646822214,0.0006591717538253293,0.0003928690322582089,1.0
KNN,overall,0.9999999996075645,0.000626264744585785,0.00032460618251280366,1.0
